{"cameraMode":{"drawMode":0,"name":"Shaded","section":"Shading Mode"},"sceneLighting":false,"audioPlay":false,"sceneViewState":{"showFog":true,"showMaterialUpdate":false,"showSkybox":false,"showFlares":true,"showImageEffects":true,"showParticleSystems":true},"in2DMode":false,"pivot":{"x":-0.037109375,"y":0.15272867679595948,"z":-0.4446607232093811},"rotation":{"x":-0.024610057473182679,"y":-0.9651731252670288,"z":0.24112018942832948,"w":-0.0985054299235344},"size":1.8806778192520142,"orthographic":true}