{"cameraMode":{"drawMode":0,"name":"Shaded","section":"Shading Mode"},"sceneLighting":false,"audioPlay":false,"sceneViewState":{"showFog":true,"showMaterialUpdate":false,"showSkybox":false,"showFlares":true,"showImageEffects":true,"showParticleSystems":true},"in2DMode":false,"pivot":{"x":-0.5118005871772766,"y":-0.45921483635902407,"z":0.6628130674362183},"rotation":{"x":0.08910422772169113,"y":0.280517578125,"z":-0.026163602247834207,"w":0.9553459882736206},"size":3.6331820487976076,"orthographic":true}