{"cameraMode":{"drawMode":0,"name":"Shaded","section":"Shading Mode"},"sceneLighting":false,"audioPlay":false,"sceneViewState":{"showFog":true,"showMaterialUpdate":false,"showSkybox":false,"showFlares":true,"showImageEffects":true,"showParticleSystems":true},"in2DMode":false,"pivot":{"x":0.0,"y":0.5049630403518677,"z":1.7881393432617188e-7},"rotation":{"x":0.08780727535486222,"y":0.21258313953876496,"z":-0.01918431930243969,"w":0.9730005860328674},"size":2.257884979248047,"orthographic":true}