{"cameraMode":{"drawMode":0,"name":"Shaded","section":"Shading Mode"},"sceneLighting":false,"audioPlay":false,"sceneViewState":{"showFog":true,"showMaterialUpdate":false,"showSkybox":false,"showFlares":true,"showImageEffects":true,"showParticleSystems":true},"in2DMode":false,"pivot":{"x":-0.10499998927116394,"y":0.6707339882850647,"z":-0.17500010132789613},"rotation":{"x":0.07297129184007645,"y":0.7870427370071411,"z":-0.0949011817574501,"w":0.6051725149154663},"size":1.5542370080947877,"orthographic":true}