{"cameraMode":{"drawMode":0,"name":"Shaded","section":"Shading Mode"},"sceneLighting":true,"audioPlay":false,"sceneViewState":{"showFog":true,"showMaterialUpdate":false,"showSkybox":true,"showFlares":true,"showImageEffects":true,"showParticleSystems":true},"in2DMode":false,"pivot":{"x":6.769981861114502,"y":1.814416766166687,"z":0.52734375},"rotation":{"x":0.3459739685058594,"y":0.19416527450084687,"z":-0.07341644912958145,"w":0.9149950742721558},"size":9.904275894165039,"orthographic":true}