{"cameraMode":{"drawMode":0,"name":"Shaded","section":"Shading Mode"},"sceneLighting":false,"audioPlay":false,"sceneViewState":{"showFog":true,"showMaterialUpdate":false,"showSkybox":false,"showFlares":true,"showImageEffects":true,"showParticleSystems":true},"in2DMode":false,"pivot":{"x":5.0,"y":0.5049630403518677,"z":1.0000001192092896},"rotation":{"x":0.008999820798635483,"y":0.0036017217207700016,"z":-0.00003241525701014325,"w":0.9999532103538513},"size":2.251854181289673,"orthographic":true}