{"cameraMode":{"drawMode":0,"name":"Shaded","section":"Shading Mode"},"sceneLighting":false,"audioPlay":false,"sceneViewState":{"showFog":true,"showMaterialUpdate":false,"showSkybox":false,"showFlares":true,"showImageEffects":true,"showParticleSystems":true},"in2DMode":false,"pivot":{"x":-0.01102784276008606,"y":0.44485700130462649,"z":1.7881393432617188e-7},"rotation":{"x":0.051578860729932788,"y":0.0039021868724375965,"z":0.0002015233039855957,"w":-0.998664379119873},"size":1.497136116027832,"orthographic":false}